patch_id,site,feat__global_uncertainty__mean_entropy,feat__global_uncertainty__max_entropy,feat__global_uncertainty__mean_margin_uncertainty,feat__global_uncertainty__max_margin_uncertainty,feat__global_uncertainty__foreground_area_frac,feat__global_uncertainty__mean_cached_uncertainty,feat__global_uncertainty__max_cached_uncertainty,feat__boundary_risk__pred_boundary_area_frac,feat__boundary_risk__boundary_mean_entropy,feat__boundary_risk__boundary_max_entropy,feat__boundary_risk__boundary_mean_margin_uncertainty,feat__boundary_risk__boundary_high_entropy_frac,feat__boundary_risk__boundary_mean_cached_uncertainty,feat__boundary_risk__boundary_max_cached_uncertainty,feat__uncertainty_cluster__high_uncertainty_area_frac,feat__uncertainty_cluster__high_uncertainty_threshold,feat__uncertainty_cluster__high_uncertainty_component_count,feat__uncertainty_cluster__high_uncertainty_largest_component_area_frac,feat__uncertainty_cluster__high_uncertainty_small_component_count,feat__topology_risk__component_count,feat__topology_risk__largest_component_area_frac,feat__topology_risk__small_component_count,feat__topology_risk__mean_component_area_frac,feat__topology_risk__component_area_cv,feat__topology_risk__euler_number,feat__topology_risk__threshold_component_count_std,feat__topology_risk__threshold_area_frac_std,feat__topology_risk__threshold_euler_std,feat__anatomical_topological_consistency__opening_residual_frac,feat__anatomical_topological_consistency__closing_residual_frac,eval__dice,eval__boundary_dice,eval__error_area_frac,eval__boundary_error_area_frac,eval__lecr_uncertainty,eval__lecr_boundary_error
site18-FeTS2022_00000,site18,0.6756455302238464,0.6931471824645996,0.8894845843315125,1.0,0.006544690860215053,0.3119209110736847,0.61767578125,0.0019685259856630825,0.6897423267364502,0.6931471824645996,0.9330269694328308,0.22384068278805122,0.33655983209609985,0.48828125,0.15033075716845878,0.44677734375,4.0,0.14943794802867383,0.0,5.0,0.0065396505376344085,4.0,0.0013089381720430109,1.9980748488409512,3.0,0.0,0.2507515150494134,3.39934634239519,5.264336917562724e-05,3.707437275985663e-05,0.9449263841847438,0.6827238112114209,0.0007139336917562724,0.0005981182795698924,0.0008278244423526004,0.837778475041767
site18-FeTS2022_00002,site18,0.6801056265830994,0.6931471824645996,0.9028834700584412,1.0,0.015476590501792115,0.31011447310447693,0.6181640625,0.003820564516129032,0.6876569986343384,0.6931471824645996,0.9287864565849304,0.2564350630313691,0.32672208547592163,0.54248046875,0.15031552419354838,0.43212890625,6.0,0.13963821684587813,1.0,4.0,0.015476142473118279,3.0,0.0038691476254480287,1.731983953221648,11.0,0.9428090415820634,0.2707588859334719,3.559026084010437,7.26926523297491e-05,7.538082437275986e-05,0.8252907056322751,0.37004040929251836,0.006433579749103943,0.002992383512544803,0.005726641321908037,0.46511951809665014
site18-FeTS2022_00003,site18,0.6731511950492859,0.6931471824645996,0.8840004205703735,1.0,0.010824932795698924,0.3201351761817932,0.6259765625,0.0026360887096774192,0.6765979528427124,0.6931471824645996,0.8989458680152893,0.19048226046314,0.35418346524238586,0.59326171875,0.15044242831541219,0.45166015625,6.0,0.13606429211469534,3.0,1.0,0.010824932795698924,0.0,0.010824932795698924,0.0,0.0,0.4714045207910317,0.24719861280713518,2.0548046676563256,2.5985663082437275e-05,4.401881720430107e-05,0.9761899899940902,0.8010374689192296,0.0005224014336917563,0.0005192652329749104,0.000571973889532383,0.9939965694469555
site18-FeTS2022_00005,site18,0.6817585229873657,0.6931471824645996,0.9076701998710632,1.0,0.0136396729390681,0.307219535112381,0.6142578125,0.0033640232974910395,0.688944399356842,0.6931471824645996,0.9233050346374512,0.15056269561164015,0.2626055181026459,0.485107421875,0.1503738799283154,0.429931640625,3.0,0.1457627688172043,0.0,6.0,0.013627128136200716,5.0,0.0022732788231780167,2.2336007693432047,6.0,1.4142135623730951,0.2759460890784175,2.0548046676563256,6.12679211469534e-05,4.2338709677419356e-05,0.9521410783669757,0.6598131171291756,0.00132168458781362,0.0010526433691756272,0.001073742423812722,0.7964406779593521
site18-FeTS2022_00006,site18,0.68133145570755,0.6931471824645996,0.9062593579292297,1.0,0.015203853046594983,0.31512486934661865,0.63330078125,0.0031210797491039426,0.6812358498573303,0.6931471824645996,0.9065449237823486,0.15826305401040733,0.33767572045326233,0.57861328125,0.15051400089605735,0.4306640625,2.0,0.1327837141577061,0.0,1.0,0.015203853046594983,0.0,0.015203853046594983,0.0,2.0,0.9428090415820634,0.27292517276293043,5.656854249492381,3.214605734767025e-05,3.337813620071685e-05,0.9791815122181249,0.8025104897574089,0.0006381048387096775,0.0006282482078853047,0.0007070487323840518,0.9845532736355178
site18-FeTS2022_00008,site18,0.6039025783538818,0.6931471824645996,0.7346682548522949,1.0,0.0022441756272401432,0.366315633058548,0.65087890625,0.0008951612903225806,0.6919394731521606,0.6931471824645996,0.9605079293251038,0.5779529529529529,0.23100560903549194,0.344970703125,0.15032806899641576,0.54150390625,7.0,0.14280947580645162,2.0,2.0,0.002240255376344086,1.0,0.0011220878136200716,0.9965062886704281,0.0,0.0,0.13969138218575092,1.4142135623730951,1.9153225806451612e-05,1.5008960573476703e-05,0.9163073406412897,0.682776624943552,0.00036088709677419353,0.000260752688172043,0.00026084373493142076,0.7225325884319512
site18-FeTS2022_00009,site18,0.6058835387229919,0.6931471824645996,0.7368190884590149,1.0,0.0028004032258064516,0.37007245421409607,0.6474609375,0.001468189964157706,0.6922281384468079,0.6931471824645996,0.9665839672088623,0.7448886176380836,0.2822358012199402,0.447998046875,0.1510293458781362,0.54052734375,6.0,0.14410091845878137,2.0,4.0,0.0015920698924731182,2.0,0.0007001008064516129,1.0184683716622596,2.0,0.0,0.13722162412969302,0.4714045207910317,3.774641577060932e-05,3.8978494623655915e-05,0.8568105995618019,0.5655447298510277,0.0008412858422939068,0.0006515456989247311,0.0006270627090312043,0.7744641192813945
site18-FeTS2022_00011,site18,0.6684285402297974,0.6931471824645996,0.8686962127685547,1.0,0.007996751792114695,0.33158278465270996,0.65234375,0.002164874551971326,0.6876158118247986,0.6931471824645996,0.9112899303436279,0.14098716887417218,0.26707974076271057,0.52685546875,0.15045553315412186,0.471923828125,3.0,0.15004950716845877,1.0,1.0,0.007996751792114695,0.0,0.007996751792114695,0.0,-1.0,0.4714045207910317,0.22575910413742234,2.6246692913372702,3.2482078853046595e-05,2.7441756272401434e-05,0.9560457412469674,0.7010120995365624,0.0006970206093189964,0.0006599462365591398,0.0005191840127206431,0.9468102201358379
site18-FeTS2022_00012,site18,0.6784408092498779,0.6931471824645996,0.8923447728157043,1.0,0.02910752688172043,0.32909131050109863,0.62451171875,0.005203517025089606,0.6883108615875244,0.6931471824645996,0.9186949133872986,0.17037260262177928,0.35959726572036743,0.52392578125,0.1501842517921147,0.44287109375,5.0,0.14717372311827956,1.0,3.0,0.029107078853046597,2.0,0.009702508960573477,1.4141809106305627,37.0,0.0,0.24767781706592104,6.018490028422597,5.835573476702509e-05,0.00016745071684587813,0.9746696939549125,0.7136117946682066,0.0014857750896057347,0.0013938172043010753,0.0015903844713073066,0.9381078024806776
site18-FeTS2022_00014,site18,0.5765039324760437,0.6931471824645996,0.6871877312660217,1.0,0.0027532482078853047,0.3831782639026642,0.66650390625,0.0012908826164874552,0.6909417510032654,0.6931471824645996,0.9440547227859497,0.45232104121475053,0.23600740730762482,0.459716796875,0.15078483422939068,0.5615234375,7.0,0.1446089829749104,3.0,5.0,0.002740255376344086,4.0,0.000550649641577061,1.9882104776088696,3.0,0.0,0.12863368475692824,1.632993161855452,3.528225806451613e-05,3.5730286738351255e-05,0.7135798153772485,0.28270533903369716,0.0020191532258064518,0.0009054659498207886,0.0011597695478460296,0.44843845342847705
site18-FeTS2022_00016,site18,0.6680088639259338,0.6931471824645996,0.8706867694854736,1.0,0.007298051075268817,0.32220619916915894,0.6279296875,0.002310931899641577,0.6916565895080566,0.6931471824645996,0.95457923412323,0.24912756882512602,0.2733211815357208,0.457275390625,0.1505491711469534,0.470703125,3.0,0.14996225358422938,1.0,3.0,0.007297043010752688,2.0,0.002432683691756272,1.413920554950875,4.0,1.4142135623730951,0.22722243638062414,2.6246692913372702,3.5170250896057345e-05,3.808243727598566e-05,0.9021280860111077,0.5610190508408048,0.0015314740143369176,0.0010862455197132616,0.00136981759081044,0.7092810648671887
site18-FeTS2022_00017,site18,0.6594141125679016,0.6931471824645996,0.8507726192474365,1.0,0.011290882616487455,0.330034077167511,0.6376953125,0.003000448028673835,0.6918401122093201,0.6931471824645996,0.9590930342674255,0.380954158578468,0.2802528738975525,0.443603515625,0.150381832437276,0.486083984375,2.0,0.15005230734767025,0.0,4.0,0.01125448028673835,3.0,0.002822720654121864,1.7246128613639133,2.0,0.4714045207910317,0.21037771047561923,2.6246692913372702,5.0851254480286736e-05,5.4211469534050176e-05,0.9584894350367359,0.7183090695028531,0.0009307795698924731,0.0008444220430107527,0.0007659103773375534,0.9072202165955809
site18-FeTS2022_00018,site18,0.6815130114555359,0.6931471824645996,0.9126604795455933,1.0,0.017078181003584228,0.30507194995880127,0.61865234375,0.0035161290322580645,0.6912432312965393,0.6931471824645996,0.9522054195404053,0.24350152905198777,0.31249570846557617,0.495361328125,0.15000638440860214,0.420166015625,7.0,0.13556530017921148,1.0,2.0,0.01707728494623656,1.0,0.008539090501792114,0.9998950640751867,13.0,0.9428090415820634,0.2921336270473882,3.0912061651652345,3.203405017921147e-05,5.4211469534050176e-05,0.9660512285841408,0.7215070361327176,0.0011889560931899641,0.0010423387096774193,0.0012803960850586084,0.8766839378155752
site18-FeTS2022_00019,site18,0.6773167848587036,0.6931471824645996,0.8923371434211731,1.0,0.017109431003584228,0.32115551829338074,0.619140625,0.004337253584229391,0.684787929058075,0.6931471824645996,0.9119235277175903,0.18712393151357073,0.3290458023548126,0.552734375,0.15062455197132615,0.44677734375,3.0,0.14357034050179213,0.0,9.0,0.017017025089605734,8.0,0.0019010478892871364,2.81125284203834,10.0,0.4714045207910317,0.2531443390065528,2.8674417556808756,8.938172043010753e-05,8.882168458781362e-05,0.9216568047337543,0.5542877469496603,0.002595206093189964,0.0018117159498207886,0.0026375545380890146,0.6981009926599132
site18-FeTS2022_00020,site18,0.6731500625610352,0.6931471824645996,0.8830270171165466,1.0,0.007333557347670251,0.31800246238708496,0.6279296875,0.002385864695340502,0.6896751523017883,0.6931471824645996,0.9299169182777405,0.17914651894277264,0.28266191482543945,0.491455078125,0.1503046594982079,0.45751953125,7.0,0.1431391129032258,1.0,4.0,0.007325044802867384,3.0,0.0018333893369175628,1.7293710914902107,4.0,0.0,0.24020944994898985,3.559026084010437,5.521953405017921e-05,3.808243727598566e-05,0.9258263886120452,0.6252582774791482,0.0010417786738351254,0.0008259408602150538,0.0009713386900360896,0.792817976553136
site18-FeTS2022_00021,site18,0.6311324834823608,0.6931471824645996,0.7825638651847839,1.0,0.007138104838709677,0.3636554777622223,0.64794921875,0.003408266129032258,0.6903968453407288,0.6931471824645996,0.9418305158615112,0.40421965887804395,0.2484312355518341,0.54248046875,0.1503035394265233,0.51904296875,9.0,0.14327352150537634,0.0,4.0,0.00674451164874552,2.0,0.0017845262096774193,1.6071165193354133,-15.0,0.4714045207910317,0.15061781256756418,0.9428090415820634,9.599014336917563e-05,0.00011951164874551971,0.7373209838617565,0.33856209150415023,0.0045012320788530465,0.0027952508960573477,0.0024228291853213395,0.620996839772511
site18-FeTS2022_00022,site18,0.679884135723114,0.6931471824645996,0.9033603072166443,1.0,0.0134247311827957,0.3150402903556824,0.62060546875,0.003961917562724015,0.6871743202209473,0.6931471824645996,0.9223402738571167,0.13035734479249123,0.26348230242729187,0.5830078125,0.15013900089605733,0.437255859375,2.0,0.15011839157706094,1.0,6.0,0.013389672939068101,5.0,0.0022374551971326164,2.2290626363777024,-3.0,0.4714045207910317,0.2706907031831255,3.39934634239519,0.00010170250896057347,0.00010887096774193549,0.9136229891970046,0.5808835483829485,0.0022523521505376344,0.0015961021505376345,0.0015273801612145311,0.7086379233143933
site18-FeTS2022_00024,site18,0.6697935461997986,0.6931471824645996,0.8698824048042297,1.0,0.013010976702508961,0.32787561416625977,0.6240234375,0.004101254480286739,0.6904855370521545,0.6931471824645996,0.9476250410079956,0.3417085427135678,0.2795036733150482,0.52978515625,0.15061178315412185,0.47216796875,3.0,0.15034867831541218,1.0,2.0,0.013010864695340503,1.0,0.006505488351254481,0.999982782663866,-7.0,0.4714045207910317,0.21931733643113846,1.247219128924647,9.128584229390681e-05,7.258064516129032e-05,0.8922812515796886,0.557971014493485,0.002625560035842294,0.001469310035842294,0.001955325980227353,0.559617763744893
site18-FeTS2022_00025,site18,0.6151654124259949,0.6931471824645996,0.7622286081314087,1.0,0.003563508064516129,0.3520480692386627,0.65869140625,0.00185663082437276,0.6905917525291443,0.6931471824645996,0.9479796290397644,0.5025337837837838,0.2960648536682129,0.496337890625,0.1503595430107527,0.53466796875,3.0,0.14352430555555556,0.0,5.0,0.0034914874551971327,4.0,0.0007127016129032258,1.9496178045420116,3.0,0.0,0.16820168588959256,2.0548046676563256,4.984318996415771e-05,4.603494623655914e-05,0.867793240556872,0.6012068019759822,0.0009236111111111112,0.0007265905017921147,0.0007622338952725427,0.786684453058614
site18-FeTS2022_00026,site18,0.6703784465789795,0.6931471824645996,0.8767774701118469,1.0,0.0070965501792114695,0.31906527280807495,0.62939453125,0.0027668010752688174,0.6882619857788086,0.6931471824645996,0.9208294749259949,0.2042344749413003,0.35664984583854675,0.529296875,0.1503948252688172,0.458740234375,3.0,0.14210203853046596,1.0,1.0,0.0070965501792114695,0.0,0.0070965501792114695,0.0,-6.0,0.0,0.23427235112432537,2.943920288775949,5.0851254480286736e-05,5.017921146953405e-05,0.9017299909572752,0.625992026529256,0.0014849910394265232,0.00116913082437276,0.001821438014849961,0.7872982350219694
site19-FeTS2022_01163,site19,0.6537434458732605,0.6931471824645996,0.8163352012634277,1.0,0.007660730286738351,0.44706955552101135,0.7255859375,0.002348902329749104,0.6912291049957275,0.6931471824645996,0.9497774839401245,0.48042534929187924,0.3056153655052185,0.50830078125,0.15115837813620073,0.55078125,7.0,0.14771214157706092,1.0,1.0,0.007660730286738351,0.0,0.007660730286738351,0.0,-2.0,0.4714045207910317,0.15866039656879566,3.858612300930075,3.942652329749104e-05,3.2594086021505376e-05,0.8983205237689309,0.5260444868000995,0.0016003584229390682,0.0012706093189964157,0.001052615202400763,0.7939529675196392
site19-FeTS2022_01164,site19,0.6556253433227539,0.6931471824645996,0.8306034803390503,1.0,0.008624327956989248,0.42405062913894653,0.642578125,0.002212141577060932,0.6903771758079529,0.6931471824645996,0.9378694891929626,0.29468354430379745,0.35392212867736816,0.5107421875,0.1502435035842294,0.5380859375,7.0,0.12595116487455196,2.0,1.0,0.008624327956989248,0.0,0.008624327956989248,0.0,1.0,0.4714045207910317,0.17385345768170085,1.699673171197595,2.5649641577060933e-05,1.881720430107527e-05,0.9782830602766432,0.8376942653130787,0.0003812724014336918,0.0003635752688172043,0.0003140327631523126,0.9535840187733965
site19-FeTS2022_01165,site19,0.6545282602310181,0.6931471824645996,0.82524573802948,1.0,0.007789986559139785,0.42772626876831055,0.68408203125,0.002349462365591398,0.6909661889076233,0.6931471824645996,0.9451426863670349,0.29514683447749807,0.2858884036540985,0.51318359375,0.1508831765232975,0.5478515625,2.0,0.1501665546594982,0.0,3.0,0.005522737455197132,1.0,0.0025966621863799284,0.8728940555657444,3.0,0.0,0.17050821153539497,2.3570226039551585,3.42741935483871e-05,2.0161290322580645e-05,0.9712718246693007,0.8238211141697782,0.00045631720430107527,0.00042282706093189963,0.000321210372134354,0.9266077564819193
site19-FeTS2022_01166,site19,0.6679323315620422,0.6931471824645996,0.8570358157157898,1.0,0.00352206541218638,0.41477957367897034,0.654296875,0.001296034946236559,0.6925830245018005,0.6931471824645996,0.9724663496017456,0.6414311641171895,0.31174683570861816,0.4013671875,0.15143839605734766,0.53466796875,2.0,0.1513380376344086,0.0,3.0,0.0032463037634408603,1.0,0.0011740218040621265,1.2517841944433996,2.0,0.4714045207910317,0.20726356599879908,1.247219128924647,2.0049283154121864e-05,8.512544802867383e-06,0.9638917546227063,0.8227048542016843,0.0002548163082437276,0.00022737455197132617,0.0001859427370926123,0.8923076922684701
site20-FeTS2022_00101,site20,0.6177061200141907,0.6931471824645996,0.7539770603179932,1.0,0.00670038082437276,0.45933008193969727,0.65771484375,0.0016415770609318997,0.6925467848777771,0.6931471824645996,0.9694757461547852,0.6422625545851528,0.24515709280967712,0.349365234375,0.15211895161290323,0.572265625,3.0,0.1518347894265233,1.0,1.0,0.00670038082437276,0.0,0.00670038082437276,0.0,1.0,0.0,0.15148821182183406,0.9428090415820634,1.904121863799283e-05,1.0192652329749103e-05,0.9883555473229645,0.9054380767531398,0.00015490591397849464,0.00015490591397849464,8.237439693863266e-05,0.9999999999276934
site20-FeTS2022_00127,site20,0.6455492377281189,0.6931471824645996,0.8089796304702759,1.0,0.013150089605734766,0.4424746334552765,0.740234375,0.003122983870967742,0.6919023394584656,0.6931471824645996,0.9569823741912842,0.3703105946488774,0.2747154235839844,0.44677734375,0.1507450716845878,0.5556640625,5.0,0.14535943100358423,1.0,1.0,0.013150089605734766,0.0,0.013150089605734766,0.0,2.0,0.9428090415820634,0.18122392244704033,1.4142135623730951,3.8418458781362005e-05,3.5170250896057345e-05,0.9805794333015045,0.8412089950364056,0.0005124327956989248,0.0005069444444444444,0.00030818909596029483,0.989289617464715
site20-FeTS2022_00442,site20,0.6135972738265991,0.6931471824645996,0.7424623966217041,1.0,0.004515120967741935,0.46839138865470886,0.88818359375,0.0012142697132616488,0.6918277144432068,0.6931471824645996,0.9571564793586731,0.6103680472281154,0.26014214754104614,0.4404296875,0.15047087813620072,0.57421875,7.0,0.14204390681003584,1.0,3.0,0.004508512544802867,2.0,0.0015050403225806452,1.4111097441509888,5.0,0.0,0.138920418722069,2.8674417556808756,1.6017025089605736e-05,6.048387096774193e-06,0.9333036331876463,0.669195927375366,0.0006372087813620072,0.0004693100358422939,0.00038255056125151103,0.7365090525446211
site20-FeTS2022_00443,site20,0.606842041015625,0.6931471824645996,0.7393456101417542,1.0,0.011343525985663083,0.462477445602417,0.68994140625,0.0027407034050179213,0.6896786093711853,0.6928491592407227,0.9200618267059326,0.018390616698679963,0.4027478098869324,0.478271484375,0.15157594086021506,0.57861328125,4.0,0.15012679211469535,1.0,6.0,0.011238687275985664,5.0,0.0018905876642771806,2.2113130878876035,4.0,1.4142135623730951,0.1669769359909619,1.4142135623730951,3.774641577060932e-05,1.814516129032258e-05,0.9663955583694704,0.7967902667444484,0.0007728494623655914,0.0005570116487455197,0.0006612759848483083,0.7207246376707142
site20-FeTS2022_00444,site20,0.6506591439247131,0.6931471824645996,0.812970757484436,1.0,0.002866263440860215,0.4470364451408386,0.6669921875,0.0009797267025089605,0.691503643989563,0.6931471824645996,0.9498226642608643,0.3843603521207271,0.21421635150909424,0.320068359375,0.15009632616487456,0.5517578125,9.0,0.14190008960573477,2.0,2.0,0.0028511424731182794,1.0,0.0014331317204301075,0.9894490035092657,3.0,0.0,0.16631784562191715,2.8284271247461903,1.7697132616487457e-05,8.064516129032258e-06,0.8703751954145598,0.714285714287226,0.0006686827956989247,0.0003080197132616487,0.00029569941898983546,0.46063651590518195
site20-FeTS2022_00445,site20,0.6590113043785095,0.6931471824645996,0.8301395773887634,1.0,0.01731978046594982,0.44011032581329346,0.654296875,0.00491913082437276,0.6924372315406799,0.6931471824645996,0.9686928987503052,0.6439728585090396,0.2818491756916046,0.4599609375,0.1502833781362007,0.544921875,6.0,0.1494567652329749,4.0,4.0,0.017300179211469535,3.0,0.004329945116487455,1.7294380393381252,0.0,1.4142135623730951,0.17234679057383026,2.494438257849294,7.258064516129032e-05,7.325268817204301e-05,0.9829120382708,0.8793479138085485,0.0005889336917562724,0.0005821012544802867,0.00038258964406355555,0.9883986306392469
site20-FeTS2022_00446,site20,0.6597775220870972,0.6931471824645996,0.8415564298629761,1.0,0.02402833781362007,0.43080538511276245,0.72314453125,0.005834005376344086,0.69207364320755,0.6931471824645996,0.9662906527519226,0.5362093460814806,0.2992955446243286,0.53857421875,0.1505684363799283,0.53662109375,13.0,0.14321516577060933,5.0,2.0,0.024026993727598565,1.0,0.012014168906810035,0.9998881249262325,-3.0,0.4714045207910317,0.1950240237000037,5.436502143433364,8.680555555555556e-05,9.599014336917563e-05,0.9821993175012229,0.8585274107341274,0.0008588709677419355,0.0008327732974910394,0.0005713670501546756,0.9696139801647156
site20-FeTS2022_00448,site20,0.6444093585014343,0.6931471824645996,0.8031254410743713,1.0,0.010191308243727598,0.44800326228141785,0.7265625,0.003065076164874552,0.6919636130332947,0.6931471824645996,0.9598348140716553,0.5078384798099762,0.28426066040992737,0.46142578125,0.15177139336917564,0.55615234375,4.0,0.1477372311827957,0.0,1.0,0.010191308243727598,0.0,0.010191308243727598,0.0,-4.0,1.4142135623730951,0.16939211401941076,0.816496580927726,3.774641577060932e-05,5.6451612903225804e-05,0.9841487941227074,0.8967071121208992,0.0003204525089605735,0.00032000448028673837,0.00019769362267753514,0.998601887417036
site20-FeTS2022_00449,site20,0.6644890904426575,0.6931471824645996,0.8350027799606323,1.0,0.02485640681003584,0.448582261800766,0.677734375,0.005295586917562724,0.6877404451370239,0.6931471824645996,0.919704020023346,0.3012754076862878,0.37308838963508606,0.5810546875,0.15128225806451612,0.541015625,10.0,0.11321404569892474,4.0,2.0,0.0247608646953405,1.0,0.01242820340501792,0.9923124757784476,6.0,0.0,0.15157750646699883,0.4714045207910317,6.899641577060932e-05,7.717293906810035e-05,0.985183979895776,0.8661434162408669,0.0007343189964157706,0.0006914202508960574,0.0005843295015315305,0.9415802318343262
site20-FeTS2022_00451,site20,0.6457916498184204,0.6931471824645996,0.8045641779899597,1.0,0.01597502240143369,0.44921639561653137,0.66357421875,0.0031098790322580646,0.6906368732452393,0.6931471824645996,0.9467544555664062,0.4643616063389159,0.3334287703037262,0.51806640625,0.15225,0.55615234375,6.0,0.14813250448028673,2.0,1.0,0.01597502240143369,0.0,0.01597502240143369,0.0,1.0,0.9428090415820634,0.16500488880647043,0.4714045207910317,2.318548387096774e-05,2.1057347670250897e-05,0.9835780879732989,0.8336250950438816,0.0005316980286738352,0.0005267697132616487,0.0003857274365656548,0.9907309879715456
site20-FeTS2022_00452,site20,0.6394118666648865,0.6931471824645996,0.7967016100883484,1.0,0.01761559139784946,0.45363306999206543,0.69140625,0.004668570788530466,0.6873211860656738,0.6931471824645996,0.9070076942443848,0.19987524291643674,0.4069734513759613,0.54638671875,0.15146751792114696,0.55810546875,9.0,0.14590333781362008,3.0,4.0,0.017612679211469535,3.0,0.004403897849462365,1.7316690243721,6.0,0.9428090415820634,0.17788705504923838,3.7416573867739413,5.4323476702508964e-05,4.637096774193548e-05,0.9801024936299414,0.852487744807999,0.0007006048387096774,0.0006978046594982079,0.0006229472380577142,0.9960031974261231
site20-FeTS2022_00453,site20,0.6297463774681091,0.6931471824645996,0.7710954546928406,1.0,0.007932571684587813,0.4610636234283447,0.67138671875,0.0018275089605734767,0.6924158334732056,0.6931471824645996,0.9666627049446106,0.6866266241725913,0.3052661120891571,0.41748046875,0.1515573476702509,0.56591796875,3.0,0.15034666218637993,1.0,1.0,0.007932571684587813,0.0,0.007932571684587813,0.0,1.0,0.9428090415820634,0.1482401139350224,0.9428090415820634,1.2544802867383513e-05,6.944444444444445e-06,0.9848231709885403,0.8679971881785262,0.0002421594982078853,0.00024182347670250896,0.00016302237729672197,0.9986123958835055
site20-FeTS2022_00454,site20,0.6414117217063904,0.6931471824645996,0.7944489121437073,1.0,0.01781429211469534,0.45653221011161804,0.82275390625,0.004867047491039426,0.6905076503753662,0.6931471824645996,0.9451662302017212,0.45670034289922445,0.33480703830718994,0.5234375,0.15101937724014336,0.56005859375,7.0,0.13919242831541218,3.0,1.0,0.01781429211469534,0.0,0.01781429211469534,0.0,-2.0,0.0,0.16566633997869415,2.0548046676563256,7.157258064516129e-05,8.254928315412187e-05,0.9785944511154716,0.8462524985270578,0.0007587365591397849,0.0007517921146953405,0.0006017327520360595,0.9908473575289217
site20-FeTS2022_00455,site20,0.6485024094581604,0.6931471824645996,0.8081226944923401,1.0,0.012438060035842293,0.4486153721809387,0.65966796875,0.0026934363799283154,0.6924429535865784,0.6931471824645996,0.9688489437103271,0.6169168711273756,0.2583288550376892,0.362548828125,0.15175291218637993,0.55517578125,4.0,0.15162970430107528,2.0,3.0,0.012397177419354838,2.0,0.004146020011947431,1.407246696843989,3.0,2.8284271247461903,0.16656599489209764,1.699673171197595,2.9345878136200715e-05,1.971326164874552e-05,0.9861356525145047,0.878268007387896,0.00034890232974910395,0.00033098118279569893,0.00020308543901213978,0.9486356339984388
site20-FeTS2022_00456,site20,0.6717513203620911,0.6931471824645996,0.8659950494766235,1.0,0.02127475358422939,0.4253006875514984,0.728515625,0.004551747311827957,0.6889585852622986,0.6931471824645996,0.9321377873420715,0.2884246271962203,0.371820330619812,0.5791015625,0.15014986559139784,0.52099609375,16.0,0.1444831989247312,9.0,2.0,0.02127105734767025,1.0,0.010637376792114695,0.9996525236773528,4.0,0.4714045207910317,0.209149497955029,5.2493385826745405,6.530017921146953e-05,7.739695340501793e-05,0.9854032553514457,0.8631502009990704,0.0006247759856630825,0.0006209677419354839,0.0005337722777522489,0.9939046252959143
site20-FeTS2022_00457,site20,0.6244304180145264,0.6931471824645996,0.7617602348327637,1.0,0.009470990143369176,0.4595147967338562,0.6669921875,0.002402329749103943,0.691752552986145,0.6931471824645996,0.9537239074707031,0.4388287952256621,0.2515161335468292,0.41650390625,0.152033938172043,0.5693359375,5.0,0.14960999103942652,2.0,2.0,0.009426299283154123,1.0,0.004735495071684588,0.9905625790863192,2.0,0.9428090415820634,0.14410309062085966,4.109609335312651,4.4802867383512545e-05,2.8337813620071686e-05,0.9744349274328014,0.8045913808513653,0.0004814068100358423,0.00047558243727598566,0.0002704917339822954,0.9879013494418822
site20-FeTS2022_00459,site20,0.588416337966919,0.6931471824645996,0.6904188990592957,1.0,0.009000224014336918,0.48540636897087097,0.72314453125,0.0021836917562724012,0.6914137601852417,0.6931471824645996,0.9531466364860535,0.7820065654493229,0.2922889292240143,0.428955078125,0.15077923387096775,0.58447265625,7.0,0.14330432347670252,2.0,1.0,0.009000224014336918,0.0,0.009000224014336918,0.0,-1.0,0.0,0.09902123692576288,1.632993161855452,2.4417562724014338e-05,2.8337813620071686e-05,0.9810147176612053,0.8463450292401404,0.00033982974910394266,0.0003351254480286738,0.00020265447055799527,0.9861568885634096
site20-FeTS2022_01011,site20,0.6462846398353577,0.6931471824645996,0.8053789138793945,1.0,0.00808075716845878,0.4531552791595459,0.81103515625,0.002888328853046595,0.6921512484550476,0.6931471824645996,0.9624046087265015,0.5741652770775972,0.3185555040836334,0.43701171875,0.15123779121863798,0.55615234375,3.0,0.13816857078853045,0.0,1.0,0.00808075716845878,0.0,0.00808075716845878,0.0,0.0,0.9428090415820634,0.17547853501826355,3.6817870057290873,4.110663082437276e-05,2.979390681003584e-05,0.9742083950752346,0.8655277145029128,0.0004230510752688172,0.0003887768817204301,0.00030964144817161986,0.9189833200709827
site20-FeTS2022_01012,site20,0.6310672163963318,0.6931471824645996,0.7776074409484863,1.0,0.01375638440860215,0.4581752121448517,0.68212890625,0.004236895161290322,0.6913439035415649,0.6931471824645996,0.9520077705383301,0.5327940360060275,0.3564499616622925,0.490234375,0.15104009856630823,0.564453125,4.0,0.15019970878136202,1.0,3.0,0.01363597670250896,1.0,0.00458546146953405,1.395680367245434,1.0,0.9428090415820634,0.156872527512236,2.449489742783178,6.081989247311828e-05,4.435483870967742e-05,0.9614996522627199,0.7938104647286384,0.0010726926523297491,0.0009063620071684588,0.0008905882387835444,0.8449410044811011
site20-FeTS2022_01013,site20,0.5951437950134277,0.6931471824645996,0.7074238061904907,1.0,0.008154569892473118,0.4752001464366913,0.796875,0.002082885304659498,0.6923426985740662,0.6931471824645996,0.970368504524231,0.7590342009034201,0.280107319355011,0.483642578125,0.15096673387096773,0.58203125,6.0,0.1465779569892473,1.0,1.0,0.008154569892473118,0.0,0.008154569892473118,0.0,3.0,0.0,0.12160802005689823,2.160246899469287,2.0945340501792113e-05,2.1841397849462366e-05,0.9864471341623401,0.8944019675990632,0.0002199820788530466,0.00021964605734767025,0.000131800864836048,0.998472505040811
